<?xml version="1.0" encoding="utf-8" ?>

<Defs>
	<BackstoryDef>
		<defName> rn_schildA </defName>
		<title> Hypnotism Learner </title>
		<titleShort> Hypnotist </titleShort>
		<baseDescription> [PAWN_nameDef] was introduced to hypnosis by a popular movie, and strove to learn it. [PAWN_pronoun] learned to put [PAWN_pronoun] friends under with basic crystal hypnosis and change small parts of their personality, but always attempted too radical changes in further experiments to truly master Hypnotism. </baseDescription>
		<slot> Childhood </slot>
		<skillGains> 
			<li>
			<defName> Intellectual </defName>
			<amount> 4 </amount>
			</li>
			<li>
			<defName> Social </defName>
			<amount> 5 </amount>
			</li>
		</skillGains>
	</BackstoryDef>
	<BackstoryDef>
		<defName> rn_schildB </defName>
		<title> Trauma Child </title>
		<titleShort> Abused </titleShort>
		<baseDescription> When [PAWN_nameDef] was younger, they were abused by their teachers, relatives, and fellow students. [PAWN_pronoun]'s parents took [PAWN_pronoun] to a psychologist, and was put through hypnotherapy. </baseDescription>
		<slot> Childhood </slot>
		<skillGains>
			<li>
			<defName> Social </defName>
			<amount> -3 </amount>
			</li>
			<li>
			<defName> Medicine </defName>
			<amount> 5 </amount>
			</li>
		</skillGains>
	</BackstoryDef>
	<BackstoryDef>
		<defName> rn_tchildA </defName>
		<title> Medicine Tweaker </title>
		<titleShort> Tweaker </titleShort>
		<baseDescription> [PAWN_nameDef] was training to be a hunter for [PAWN_pronoun] tribe before [PAWN_pronoun] found a cave full of mind-altering mushrooms. [PAWN_pronoun] used them to become the leader until a space pirate group attacked [PAWN_pronoun] village. With no one aware enough to fight back effectively, [PAWN_pronoun] ran. </baseDescription>
		<slot> Childhood </slot>
		<skillGains>
			<li>
			<defName> Medicine </defName>
			<amount> 3 </amount>
			</li>
			<li>
			<defName> Intellectual </defName>
			<amount> 2 </amount>
			</li>
			<li>
			<defName> Melee </defName>
			<amount> -4 </amount>
			</li>
			<li>
			<defName> Shooting </defName>
			<amount> -2 </amount>
			</li>
		</skillGains>
	</BackstoryDef>
</Defs>