<?xml version="1.0" encoding="utf-8"?>
<Defs>
<HediffDef>
		<defName>HypnosisLevel</defName>
		<hediffClass>HediffWithComps</hediffClass>
		<label>Hypnosis Level</label>
		<description>Level of hypnotic training.</description>
		<defaultLabelColor>(1,0,0.5)</defaultLabelColor>
		<scenarioCanAdd>true</scenarioCanAdd>
		<maxSeverity>1.0</maxSeverity>
		<comps>
			<li Class="HediffCompProperties_SeverityPerDay">
				<severityPerDay>-0.1</severityPerDay>
			</li>
		</comps>
		<stages>
			<li>
				<restFallFactor>1.33</restFallFactor>
				<statOffsets>
					<SexFrequency>20</SexFrequency>
					<SexSatisfaction>1</SexSatisfaction>
				</statOffsets>
			</li>
		</stages>
	</HediffDef>
</Defs>