<?xml version="1.0" encoding="utf-8" ?>
<Defs>
<ScenarioDef>
	<defName>Kurin_Scenario</defName>
	<label>Kurin, the first beginning</label>
	<description> Kurin were believed to be genetically engineered, but these evolved on their homeworld and took it through struggles against the occupying pirates and factions of the world.</description>
	<scenario>
		<summary>A group of primitive Kurins forging the legacy of Kurin race.</summary>
		<playerFaction>
			<def>PlayerFaction</def>
			<factionDef>Kurin_Player_Tribal</factionDef>
		</playerFaction>
		<parts>
		
			<!-- Config pages -->
			<li Class="ScenPart_ConfigPage_ConfigureStartingPawns">
				<def>ConfigPage_ConfigureStartingPawns</def>
				<pawnCount>4</pawnCount>
				<pawnChoiceCount>8</pawnChoiceCount>
			</li>

			<!-- Player starting stuff spawn method-->
			<li Class="ScenPart_PlayerPawnsArriveMethod">
				<def>PlayerPawnsArriveMethod</def>
				<method>Standing</method>
				<visible>false</visible>
			</li>
			
			<!-- Player starting things -->
			<li Class="ScenPart_StartingThing_Defined">
				<def>StartingThing_Defined</def>
				<thingDef>Silver</thingDef>
				<count>300</count>
			</li>
			<li Class="ScenPart_StartingThing_Defined">
				<def>StartingThing_Defined</def>
				<thingDef>ComponentIndustrial</thingDef>
				<count>25</count>
			</li>
			<li Class="ScenPart_StartingThing_Defined">
				<def>StartingThing_Defined</def>
				<thingDef>Steel</thingDef>
				<count>800</count>
			</li>
			<li Class="ScenPart_StartingThing_Defined">
				<def>StartingThing_Defined</def>
				<thingDef>WoodLog</thingDef>
				<count>600</count>
			</li>
			<li Class="ScenPart_StartingAnimal">
				<def>StartingAnimal</def>
				<count>1</count>
				<animalKind>Fox_Red</animalKind>
				<bondToRandomPlayerPawnChance>1.0</bondToRandomPlayerPawnChance>
			</li>

			<!-- Game start dialog -->
			<li Class="ScenPart_GameStartDialog">
				<def>GameStartDialog</def>
				<text>"Fight well."</text>
				<textKey>GameStartDialog</textKey>
				<closeSound>GameStartSting</closeSound>
			</li>

		</parts>
	</scenario>
</ScenarioDef>
</Defs>