<?xml version="1.0" encoding="utf-8"?>
<ModMetaData>
	<name> Rimnosis - NSFW</name>
	<author> WolfoftheWest </author>
	<packageId>wolfofthewest.rimnosis.nsfw</packageId>
	<supportedVersions>
		<li> 1.2 </li>
		<li> 1.3 </li>
	</supportedVersions>
	<modDependencies>
		<li>
			<packageId>rim.job.world</packageId>
			<displayName>RimJobWorld</displayName>
			<downloadUrl>https://gitgud.io/Ed86/rjw</downloadUrl>
		</li>
	</modDependencies>
	<loadAfter>
		<li>rim.job.world</li>
	</loadAfter>
	<description>
NSFW Version

This is a hypnosis mod that allows you to change your colonist's minds (change their traits, and maybe add skills)
There will be varying types of hypnosis that can be researched, such as crystal necklaces and drugs being a tribal method
This is unlikely to be balanced, but I will attempt to make the process slow and require multiple sessions to be permanant

If you want to help motivate me to keep this mod alive, my patreon is: https://www.patreon.com/WolfoftheWest
	</description>
</ModMetaData>