<?xml version="1.0" encoding="utf-8" ?>
<Defs>

  <DamageDef Name="StunBase" Abstract="True">
    <harmsHealth>false</harmsHealth>
    <makesBlood>false</makesBlood>
  </DamageDef>
  

  <DamageDef ParentName="StunBase">
    <defName>DS</defName>
    <label>DS</label>
    <externalViolenceForMechanoids>true</externalViolenceForMechanoids>
    <deathMessage>{0} has been DSed to death.</deathMessage>
    <harmsHealth>false</harmsHealth>
    <impactSoundType>Electric</impactSoundType>
    <defaultDamage>0</defaultDamage>
    <explosionSnowMeltAmount>0</explosionSnowMeltAmount>
    <explosionCellMote>Mote_BlastEMP</explosionCellMote>
    <explosionColorEdge>(0.8, 0.8, 0.8, 0.8)</explosionColorEdge>
    <explosionInteriorMote>Mote_ElectricalSpark</explosionInteriorMote>
    <soundExplosion>Explosion_EMP</soundExplosion>
    <combatLogRules>Damage_WN</combatLogRules>
  </DamageDef>
  
</Defs>