<?xml version="1.0" encoding="utf-8" ?>
<Defs>

	<ThingDef Name="MakeableGasShellBase" ParentName="ResourceBase" Abstract="True">
		<soundInteract>Metal_Drop</soundInteract>
		<soundDrop>Standard_Drop</soundDrop>
		<tickerType>Normal</tickerType>
		<stackLimit>25</stackLimit>
		<techLevel>Industrial</techLevel>
		<statBases>
			<MaxHitPoints>60</MaxHitPoints>
			<MarketValue>92</MarketValue>
			<Mass>1.25</Mass>
			<Flammability>1.0</Flammability>
			<DeteriorationRate>1.5</DeteriorationRate>
		</statBases>
		<thingCategories>
			<li>GasShells</li>
		</thingCategories>
		<tradeTags>
			<li>MortarShell</li>
		</tradeTags>

		<recipeMaker>
			<workSpeedStat>GeneralLaborSpeed</workSpeedStat>
			<effectWorking>Cook</effectWorking>
			<soundWorking>Recipe_Machining</soundWorking>
			<workAmount>1080</workAmount>
			<targetCountAdjustment>5</targetCountAdjustment>
			<workSkill>Crafting</workSkill>
			<recipeUsers>
				<li>TableMachining</li>
			</recipeUsers>
			<skillRequirements>
				<Crafting>6</Crafting>
			</skillRequirements>
  <researchPrerequisite>Mortars</researchPrerequisite>
		</recipeMaker>



	</ThingDef>
	<!-- Gas Shells -->

	<ThingDef ParentName="MakeableGasShellBase">
		<defName>Shell_GasLust</defName>
		<label>lust gas shell</label>
		<description>A shell filled with aphrodisiac gas. Can be fired from mortars. Aphrodisiac gas causes pawns to get horny fast.</description>
		<graphicData>
			<texPath>Things/Weapon/Shell_lust</texPath>
			<graphicClass>Graphic_Single</graphicClass>
		</graphicData>
		<comps>
			<li Class="CompProperties_Explosive">
				<explosiveRadius>5.9</explosiveRadius>
				<explosiveDamageType>Smoke</explosiveDamageType>
				<explosiveExpandPerStackcount>0.4</explosiveExpandPerStackcount>
				<startWickHitPointsPercent>0.333</startWickHitPointsPercent>
				<postExplosionSpawnThingDef>Gas_Aphrodisiac</postExplosionSpawnThingDef>
				<postExplosionSpawnChance>100.0</postExplosionSpawnChance>
				<wickTicks>
					<min>10</min>
					<max>3000</max>
				</wickTicks>
			</li>
		</comps>
		<projectileWhenLoaded>Bullet_Shell_GasLust</projectileWhenLoaded>
		<costList>
			<Steel>20</Steel>
			<Chemfuel>7</Chemfuel>
			<Canister_LustGas>1</Canister_LustGas>
		</costList>
	</ThingDef>

	<ThingDef ParentName="BaseBullet">
		<defName>Bullet_Shell_GasLust</defName>
		<label>lust gas shell</label>
		<graphicData>
			<texPath>Things/Projectile/ShellHighExplosive</texPath>
			<graphicClass>Graphic_Single</graphicClass>
			<shaderType>TransparentPostLight</shaderType>
		</graphicData>
		<thingClass>Projectile_Explosive</thingClass>
		<projectile>
			<damageDef>Smoke</damageDef>
			<damageAmountBase>0</damageAmountBase>
			<speed>41</speed>
			<explosionRadius>5.9</explosionRadius>
			<flyOverhead>true</flyOverhead>
			<postExplosionSpawnThingDef>Gas_Aphroisiac</postExplosionSpawnThingDef>
			<postExplosionSpawnChance>100.0</postExplosionSpawnChance>
			<soundHitThickRoof>Artillery_HitThickRoof</soundHitThickRoof>
			<soundExplode>Explosion_Stun</soundExplode>
			<soundImpactAnticipate>MortarRound_PreImpact</soundImpactAnticipate>
			<soundAmbient>MortarRound_Ambient</soundAmbient>
		</projectile>
	</ThingDef>
</Defs>