<?xml version="1.0" encoding="utf-8" ?>
<Defs>
	<!-- ===================== Abstract Projectile ===================== -->
  <ThingDef Name="BaseGrenadeProjectile" Abstract="True">
    <category>Projectile</category>
    <altitudeLayer>Projectile</altitudeLayer>
    <thingClass>Projectile_Explosive</thingClass>
    <label>projectile</label>
    <tickerType>Normal</tickerType>
    <useHitPoints>False</useHitPoints>
    <neverMultiSelect>True</neverMultiSelect>
    <graphicData>
      <shaderType>Transparent</shaderType>
    </graphicData>
    <projectile>
      <speed>12</speed>
      <arcHeightFactor>2</arcHeightFactor>
      <shadowSize>0.4</shadowSize>
    </projectile>
  </ThingDef>

	<!-- ==================== Abstract Grenade ====================== -->
  <ThingDef Name="BaseMakeableGrenade" ParentName="BaseWeapon" Abstract="True">
    <recipeMaker>
      <workSpeedStat>GeneralLaborSpeed</workSpeedStat>
      <workSkill>Crafting</workSkill>
      <effectWorking>Smith</effectWorking>
      <soundWorking>Recipe_Smith</soundWorking>
      <recipeUsers>
        <li>TableMachining</li>
      </recipeUsers>
      <unfinishedThingDef>UnfinishedGun</unfinishedThingDef>
    </recipeMaker>
  </ThingDef>

  <!-- ==================== WN grenade ========================== -->

  <ThingDef ParentName="BaseMakeableGrenade">
    <defName>Weapon_GrenadeWN</defName>
    <label>WN grenades</label>
    <description>White Noise Grenades designed to incapacitate organic foes.</description>
    <tickerType>Normal</tickerType>
    <graphicData>
      <texPath>Rimnosis/Weapon/WhiteNoise</texPath>
      <graphicClass>Graphic_Single</graphicClass>
    </graphicData>
    <uiIconScale>1.3</uiIconScale>
    <soundInteract>Interact_Grenade</soundInteract>
    <techLevel>Industrial</techLevel>
    <statBases>
      <Mass>1</Mass>
      <RangedWeapon_Cooldown>2.66</RangedWeapon_Cooldown>
      <WorkToMake>24000</WorkToMake>
    </statBases>
    <costList>
      <Steel>20</Steel>
      <ComponentIndustrial>6</ComponentIndustrial>
    </costList>
    <recipeMaker>
      <researchPrerequisite>MicroelectronicsBasics</researchPrerequisite>
    </recipeMaker>
    <weaponTags>
      <li>GrenadeWN</li>
    </weaponTags>
    <thingCategories>
      <li>Grenades</li>
    </thingCategories>
    <verbs>
      <li>
        <label>throw WN grenade</label>
        <verbClass>Verb_LaunchProjectile</verbClass>
        <hasStandardCommand>true</hasStandardCommand>
        <range>12.9</range>
        <forcedMissRadius>1.9</forcedMissRadius>
        <warmupTime>1.5</warmupTime>
        <noiseRadius>4</noiseRadius>
        <ai_IsBuildingDestroyer>false</ai_IsBuildingDestroyer>
        <soundCast>ThrowGrenade</soundCast>
        <targetParams>
          <canTargetLocations>true</canTargetLocations>
        </targetParams>
        <defaultProjectile>Proj_GrenadeWN</defaultProjectile>
        <rangedFireRulepack>Combat_RangedFire_Thrown</rangedFireRulepack>
		<postExplosionSpawnThingDef>Things_Cloud<post
      </li>
    </verbs>
    <comps>
      <li Class="CompProperties_Explosive">
        <explosiveRadius>5</explosiveRadius>
        <explosiveDamageType>WN</explosiveDamageType>
        <requiredDamageTypeToExplode>Flame</requiredDamageTypeToExplode>
      </li>
    </comps>
    <smeltProducts>
      <Steel>15</Steel>
    </smeltProducts>
  </ThingDef>

	<!-- ===================== WN Grenade Projectile ======================= -->
  <ThingDef Class="Rimnosis.ThingDef_WNProjectile ParentName="BaseGrenadeProjectile">
    <defName>Proj_GrenadeWN</defName>
    <label>WN grenade</label>
    <thingClass>Projectile_Explosive</thingClass>
    <graphicData>
      <texPath>Rimnosis/Projectile/Proj_GrenadeWN</texPath>
      <graphicClass>Graphic_Single</graphicClass>
    </graphicData>
    <projectile>
      <explosionRadius>5</explosionRadius>
      <damageDef>DS</damageDef>
      <!-- Use default damage from explosion def -->
      <explosionDelay>100</explosionDelay>
    </projectile>
	<AddHediffChance>0.05</AddHediffChance>
	<HediffToAdd>DeepSleep</HediffToAdd>
	<thingClass>Rimnosis.Projectile_WN</thingClass>
  </ThingDef>

</Defs>
