<?xml version="1.0" encoding="utf-8" ?>
<Defs>

	<RecipeDef ParentName="CookMealBase">
		<defName>AC_LustCanisterCreate</defName>
		<label>make lust canister</label>
		<description>Prepare a canister of lust gas.</description>
		<jobString>Preparing lust canister.</jobString>
		<workSpeedStat>CookSpeed</workSpeedStat>
		<effectWorking>Cook</effectWorking>
		<soundWorking>Recipe_CookMeal</soundWorking>
		<allowMixingIngredients>true</allowMixingIngredients>
		<ingredientValueGetterClass>IngredientValueGetter_Nutrition</ingredientValueGetterClass>
		<recipeUsers>
			<li>ElectricStove</li>	
			<li>FueledStove</li>			
		</recipeUsers>

		<ingredients>
			<li>
				<filter>
					<categories>
						<li>FoodRaw</li>
					</categories>
				</filter>
				<count>4</count>
			</li>

		</ingredients>
		<products>
			<VCE_UncookedSoupSimple>1</VCE_UncookedSoupSimple>
		</products>
		<researchPrerequisite>
			<li>VCE_SoupCooking</li>
		</researchPrerequisite>

	</RecipeDef>