<?xml version="1.0" encoding="utf-8" ?>
<Defs>
	<ThingDef Class="GasTrap.Thing_AddsHediffDef" ParentName="BaseGas">
    <defName>WhiteNoise</defName>
    <label>white noise</label>
    <graphicData>
      <texPath>Rimnosis/Cloud/Noise</texPath>
      <drawSize>2.5</drawSize>
      <color>(0.1,0.8,0.5,0.4)</color>
    </graphicData>
	<thingClass>Rimnosis.Thing_AddsHediff</thingClass>
	<addHediff>White Noise</addHediff>
	<hediffAddChance>1.0</hediffAddChance>
    <hediffSeverity>0.11</hediffSeverity>    
	<gas>
      <expireSeconds>
        <min>50</min>
        <max>60</max>
      </expireSeconds>
      <blockTurretTracking>false</blockTurretTracking>
      <accuracyPenalty>0.4</accuracyPenalty>
      <rotationSpeed>10</rotationSpeed>
    </gas>
</Defs>